variables,units,values,description
materials.rho_fiber,kg/m**3,[   0. 2600. 2600. 2600.    0.    0.    0.    0.    0.],1D array of the density of the fibers of the materials.
materials.rho,kg/m**3,[1100. 1845. 1845. 1940.  110.  110. 1100. 1150. 8500.],"1D array of the density of the materials. For composites, this is the density of the laminate."
materials.rho_area_dry,kg/m**2,[0.    1.112 1.112 1.858 0.    0.    0.    0.    0.   ],1D array of the dry aerial density of the composite fabrics. Non-composite materials are kept at 0.
materials.ply_t_from_yaml,m,[0.0005 0.     0.     0.     0.     0.     0.     0.     0.    ],1D array of the ply thicknesses of the materials. Non-composite materials are kept at 0.
materials.fvf_from_yaml,,[0.     0.4793 0.4793 0.5448 0.     0.     0.     0.     0.    ],1D array of the non-dimensional fiber volume fraction of the composite materials. Non-composite materials are kept at 0.
materials.fwf_from_yaml,,[0.     0.6754 0.6754 0.7302 0.     0.     0.     0.     0.    ],1D array of the non-dimensional fiber weight- fraction of the composite materials. Non-composite materials are kept at 0.
materials.name,Unavailable,"['paint', 'triax', 'biax', 'ud', 'balsa', 'foam', 'adhesive', 'resin', 'steel']",1D array of names of materials.
materials.component_id,Unavailable,[ 0.  2.  3.  4.  1.  1. -1. -1. -1.],"1D array of flags to set whether a material is used in a blade: 0 - coating, 1 - sandwich filler , 2 - shell skin, 3 - shear webs, 4 - spar caps, 5 - TE/LE reinf."
high_level_tower_props.tower_ref_axis_user,m,"[[  0.     0.     0.  ]
 [  0.     0.    10.8 ]
 [  0.     0.    21.61]
 [  0.     0.    32.41]
 [  0.     0.    43.22]
 [  0.     0.    54.02]
 [  0.     0.    64.82]
 [  0.     0.    75.63]
 [  0.     0.    86.43]
 [  0.     0.    97.23]
 [  0.     0.   108.  ]]","2D array of the coordinates (x,y,z) of the tower reference axis. The coordinate system is the global coordinate system of OpenFAST: it is placed at tower base with x pointing downwind, y pointing on the side and z pointing vertically upwards. A standard tower configuration will have zero x and y values and positive z values."
high_level_tower_props.distance_tt_hub,m,[0.],Vertical distance from tower top to hub center.
high_level_tower_props.hub_height_user,m,[80.],Height of the hub specified by the user.
high_level_tower_props.rotor_diameter,m,[0.],Diameter of the rotor used in WISDEM. It is defined as two times the blade length plus the hub diameter.
tower_grid.ref_axis,m,"[[ 0.          0.          0.        ]
 [ 0.          0.          8.        ]
 [ 0.          0.         16.00740741]
 [ 0.          0.         24.00740741]
 [ 0.          0.         32.01481481]
 [ 0.          0.         40.01481481]
 [ 0.          0.         48.01481481]
 [ 0.          0.         56.02222222]
 [ 0.          0.         64.02222222]
 [ 0.          0.         72.02222222]
 [ 0.          0.         80.        ]]","2D array of the coordinates (x,y,z) of the tower reference axis. The coordinate system is the global coordinate system of OpenFAST: it is placed at tower base with x pointing downwind, y pointing on the side and z pointing vertically upwards. A standard tower configuration will have zero x and y values and positive z values."
towerse.hub_height,m,[80.],
towerse.tower_height,m,[80.],
towerse.foundation_height,m,[0.],
towerse.tower_s,,"[0.         0.1        0.20009259 0.30009259 0.40018519 0.50018519
 0.60018519 0.70027778 0.80027778 0.90027778 1.        ]",
towerse.member.s_const1,,[0.],
towerse.member.s_const2,,[0.],
towerse.joint1,m,[0. 0. 0.],
towerse.joint2,m,[ 0.  0. 80.],
towerse.tower_layer_thickness,m,"[[0.03864657 0.02374535 0.02121806 0.01892223 0.0182026  0.01439214
  0.01129674 0.00968544 0.00665192 0.00508872 0.01796678]]",
towerse.tower_outer_diameter_in,m,"[3.99554897 4.         4.         4.         3.97098351 4.
 4.         3.99123446 4.         3.87       3.87      ]",
towerse.E_mat,Pa,"[[4.560e+06 4.560e+06 4.560e+06]
 [2.179e+10 1.467e+10 1.467e+10]
 [1.392e+10 1.392e+10 1.392e+10]
 [4.200e+10 1.230e+10 1.230e+10]
 [5.000e+07 5.000e+07 5.000e+07]
 [5.000e+07 5.000e+07 5.000e+07]
 [4.560e+06 4.560e+06 4.560e+06]
 [1.000e+06 1.000e+06 1.000e+06]
 [2.100e+11 2.100e+11 2.100e+11]]",
towerse.E_user,Pa,[0.],
towerse.G_mat,Pa,"[[1.52000000e+06 1.52000000e+06 1.52000000e+06]
 [9.41300000e+09 9.41300000e+09 9.41300000e+09]
 [1.15000000e+10 1.15000000e+10 1.15000000e+10]
 [3.47000000e+09 3.47000000e+09 3.47000000e+09]
 [1.66666667e+07 1.66666667e+07 1.66666667e+07]
 [1.66666667e+07 1.66666667e+07 1.66666667e+07]
 [1.52000000e+06 1.52000000e+06 1.52000000e+06]
 [3.84615385e+05 3.84615385e+05 3.84615385e+05]
 [8.07692308e+10 8.07692308e+10 8.07692308e+10]]",
towerse.sigma_y_mat,Pa,[0.0e+00 0.0e+00 0.0e+00 0.0e+00 0.0e+00 0.0e+00 0.0e+00 0.0e+00 4.5e+08],
towerse.sigma_ult_mat,Pa,"[[0.00e+00 0.00e+00 0.00e+00]
 [6.00e+08 6.00e+08 6.00e+08]
 [6.00e+08 6.00e+08 6.00e+08]
 [6.00e+08 6.00e+08 6.00e+08]
 [6.90e+05 6.90e+05 6.90e+05]
 [6.90e+05 6.90e+05 6.90e+05]
 [6.90e+05 6.90e+05 6.90e+05]
 [0.00e+00 0.00e+00 0.00e+00]
 [3.55e+08 3.55e+08 3.55e+08]]",
towerse.wohler_exp_mat,,[1. 1. 1. 1. 1. 1. 1. 1. 1.],
towerse.wohler_A_mat,,"[0.00e+00 6.00e+08 6.00e+08 6.00e+08 6.90e+05 6.90e+05 6.90e+05 0.00e+00
 3.55e+08]",
towerse.rho_mat,kg/m**3,[1100. 1845. 1845. 1940.  110.  110. 1100. 1150. 8500.],
towerse.unit_cost_mat,USD/kg,[ 7.23  2.86  3.    1.87 13.   13.    0.    3.63  0.  ],
towerse.outfitting_factor_in,,[1.07],
towerse.rho_water,kg/m**3,[0.],
towerse.tower_layer_materials,Unavailable,['steel'],
towerse.member.ballast_materials,Unavailable,[],
towerse.material_names,Unavailable,"['paint', 'triax', 'biax', 'ud', 'balsa', 'foam', 'adhesive', 'resin', 'steel']",
towerse.member.gc.d,m,"[3.99554897 4.         4.         4.         3.97098351 4.
 4.         3.99123446 4.         3.87       3.87      ]",
towerse.member.gc.t,m,"[0.03119596 0.02248171 0.02007014 0.01856242 0.01629737 0.01284444
 0.01049109 0.00816868 0.00587032 0.01152775]",
towerse.member.s,,"[0.         0.1        0.20009259 0.30009259 0.40018519 0.50018519
 0.60018519 0.70027778 0.80027778 0.90027778 1.        ]",
towerse.member.height,m,[80.],
towerse.tower_outer_diameter,m,"[3.99554897 4.         4.         4.         3.97098351 4.
 4.         3.99123446 4.         3.87       3.87      ]",
towerse.tower_wall_thickness,m,"[0.03119596 0.02248171 0.02007014 0.01856242 0.01629737 0.01284444
 0.01049109 0.00816868 0.00587032 0.01152775]",
towerse.member.E,Pa,"[2.1e+11 2.1e+11 2.1e+11 2.1e+11 2.1e+11 2.1e+11 2.1e+11 2.1e+11 2.1e+11
 2.1e+11]",
towerse.member.G,Pa,"[8.07692308e+10 8.07692308e+10 8.07692308e+10 8.07692308e+10
 8.07692308e+10 8.07692308e+10 8.07692308e+10 8.07692308e+10
 8.07692308e+10 8.07692308e+10]",
towerse.member.sigma_y,Pa,"[4.5e+08 4.5e+08 4.5e+08 4.5e+08 4.5e+08 4.5e+08 4.5e+08 4.5e+08 4.5e+08
 4.5e+08]",
towerse.member.rho,kg/m**3,[8500. 8500. 8500. 8500. 8500. 8500. 8500. 8500. 8500. 8500.],
towerse.member.unit_cost,USD/kg,[0. 0. 0. 0. 0. 0. 0. 0. 0. 0.],
towerse.member.outfitting_factor,,[1.07 1.07 1.07 1.07 1.07 1.07 1.07 1.07 1.07 1.07],
towerse.nodes_xyz,m,"[[ 0.          0.          0.        ]
 [ 0.          0.          2.66666667]
 [ 0.          0.          5.33333333]
 [ 0.          0.          8.        ]
 [ 0.          0.         10.6691358 ]
 [ 0.          0.         13.3382716 ]
 [ 0.          0.         16.00740741]
 [ 0.          0.         18.67407407]
 [ 0.          0.         21.34074074]
 [ 0.          0.         24.00740741]
 [ 0.          0.         26.67654321]
 [ 0.          0.         29.34567901]
 [ 0.          0.         32.01481481]
 [ 0.          0.         34.68148148]
 [ 0.          0.         37.34814815]
 [ 0.          0.         40.01481481]
 [ 0.          0.         42.68148148]
 [ 0.          0.         45.34814815]
 [ 0.          0.         48.01481481]
 [ 0.          0.         50.68395062]
 [ 0.          0.         53.35308642]
 [ 0.          0.         56.02222222]
 [ 0.          0.         58.68888889]
 [ 0.          0.         61.35555556]
 [ 0.          0.         64.02222222]
 [ 0.          0.         66.68888889]
 [ 0.          0.         69.35555556]
 [ 0.          0.         72.02222222]
 [ 0.          0.         74.68148148]
 [ 0.          0.         77.34074074]
 [ 0.          0.         80.        ]]",
towerse.s_full,m,"[0.         0.03333333 0.06666667 0.1        0.1333642  0.1667284
 0.20009259 0.23342593 0.26675926 0.30009259 0.33345679 0.36682099
 0.40018519 0.43351852 0.46685185 0.50018519 0.53351852 0.56685185
 0.60018519 0.63354938 0.66691358 0.70027778 0.73361111 0.76694444
 0.80027778 0.83361111 0.86694444 0.90027778 0.93351852 0.96675926
 1.        ]",
towerse.z_full,m,"[ 0.          2.66666667  5.33333333  8.         10.6691358  13.3382716
 16.00740741 18.67407407 21.34074074 24.00740741 26.67654321 29.34567901
 32.01481481 34.68148148 37.34814815 40.01481481 42.68148148 45.34814815
 48.01481481 50.68395062 53.35308642 56.02222222 58.68888889 61.35555556
 64.02222222 66.68888889 69.35555556 72.02222222 74.68148148 77.34074074
 80.        ]",
towerse.d_full,m,"[3.99554897 3.99703265 3.99851632 4.         4.         4.
 4.         4.         4.         4.         3.99032784 3.98065567
 3.97098351 3.98065567 3.99032784 4.         4.         4.
 4.         3.99707815 3.99415631 3.99123446 3.99415631 3.99707815
 4.         3.95666667 3.91333333 3.87       3.87       3.87
 3.87      ]",
towerse.member.s_ghost1,,[0.],
towerse.member.s_ghost2,,[1.],
towerse.t_full,m,"[0.03119596 0.03119596 0.03119596 0.02248171 0.02248171 0.02248171
 0.02007014 0.02007014 0.02007014 0.01856242 0.01856242 0.01856242
 0.01629737 0.01629737 0.01629737 0.01284444 0.01284444 0.01284444
 0.01049109 0.01049109 0.01049109 0.00816868 0.00816868 0.00816868
 0.00587032 0.00587032 0.00587032 0.01152775 0.01152775 0.01152775]",
towerse.E_full,Pa,"[2.1e+11 2.1e+11 2.1e+11 2.1e+11 2.1e+11 2.1e+11 2.1e+11 2.1e+11 2.1e+11
 2.1e+11 2.1e+11 2.1e+11 2.1e+11 2.1e+11 2.1e+11 2.1e+11 2.1e+11 2.1e+11
 2.1e+11 2.1e+11 2.1e+11 2.1e+11 2.1e+11 2.1e+11 2.1e+11 2.1e+11 2.1e+11
 2.1e+11 2.1e+11 2.1e+11]",
towerse.G_full,Pa,"[8.07692308e+10 8.07692308e+10 8.07692308e+10 8.07692308e+10
 8.07692308e+10 8.07692308e+10 8.07692308e+10 8.07692308e+10
 8.07692308e+10 8.07692308e+10 8.07692308e+10 8.07692308e+10
 8.07692308e+10 8.07692308e+10 8.07692308e+10 8.07692308e+10
 8.07692308e+10 8.07692308e+10 8.07692308e+10 8.07692308e+10
 8.07692308e+10 8.07692308e+10 8.07692308e+10 8.07692308e+10
 8.07692308e+10 8.07692308e+10 8.07692308e+10 8.07692308e+10
 8.07692308e+10 8.07692308e+10]",
towerse.sigma_y_full,Pa,"[4.5e+08 4.5e+08 4.5e+08 4.5e+08 4.5e+08 4.5e+08 4.5e+08 4.5e+08 4.5e+08
 4.5e+08 4.5e+08 4.5e+08 4.5e+08 4.5e+08 4.5e+08 4.5e+08 4.5e+08 4.5e+08
 4.5e+08 4.5e+08 4.5e+08 4.5e+08 4.5e+08 4.5e+08 4.5e+08 4.5e+08 4.5e+08
 4.5e+08 4.5e+08 4.5e+08]",
towerse.rho_full,kg/m**3,"[8500. 8500. 8500. 8500. 8500. 8500. 8500. 8500. 8500. 8500. 8500. 8500.
 8500. 8500. 8500. 8500. 8500. 8500. 8500. 8500. 8500. 8500. 8500. 8500.
 8500. 8500. 8500. 8500. 8500. 8500.]",
towerse.outfitting_full,,"[1.07 1.07 1.07 1.07 1.07 1.07 1.07 1.07 1.07 1.07 1.07 1.07 1.07 1.07
 1.07 1.07 1.07 1.07 1.07 1.07 1.07 1.07 1.07 1.07 1.07 1.07 1.07 1.07
 1.07 1.07]",
towerse.member.unit_cost_full,USD/kg,"[0. 0. 0. 0. 0. 0. 0. 0. 0. 0. 0. 0. 0. 0. 0. 0. 0. 0. 0. 0. 0. 0. 0. 0.
 0. 0. 0. 0. 0. 0.]",
towerse.labor_cost_rate,USD/min,[0.98],
towerse.painting_cost_rate,USD/m**2,[30.],
towerse.rna_mass,kg,[139246.02793736],
towerse.rna_I,kg*m**2,"[ 7.50167945e+06  7.24217929e+06  7.15310702e+06 -7.53146175e+00
  1.85844124e+05  6.13792445e+03]",
towerse.rna_cg,m,[-1.43410997 -0.05883756  1.02183706],
towerse.tower_mass,kg,[142765.13110323],
towerse.tower_center_of_mass,m,[30.2413076],
towerse.tower_I_base,kg*m**2,"[2.02494737e+08 2.02494737e+08 5.61203836e+05 0.00000000e+00
 0.00000000e+00 0.00000000e+00]",
towerse.env.Uref,m/s,[10.6976512],
towerse.wind_reference_height,m,[80.],
towerse.z0,m,[0.],
towerse.shearExp,,[0.2],
towerse.env.windLoads.U,m/s,"[ 0.          5.41831416  6.22400857  6.74976159  7.14983937  7.47636245
  7.75415782  7.99683714  8.21319878  8.40890583  8.58808525  8.75345027
  8.90718833  9.05086244  9.18595367  9.31353602  9.43448793  9.5495377
  9.65929629  9.76437675  9.86511939  9.96190745 10.05498932 10.14474686
 10.23143584 10.31528265 10.39648873 10.47523415 10.55147128 10.62556669
 10.6976512 ]",
towerse.beta_wind,deg,[0.],
towerse.rho_air,kg/m**3,[1.225],
towerse.mu_air,kg/m/s,[1.81e-05],
towerse.cd_usr,,[-1.],
towerse.env.distLoads.windLoads_Px,N/m,"[  0.          32.6933544   46.33588829  56.82819499  65.48460189
  72.91489887  79.44852244  85.33512121  90.74818534  95.79691465
 100.24377397 104.42253152 108.37281417 112.85291592 117.22770225
 121.51426913 125.29207425 128.95537526 132.51245438 135.8363565
 139.06077889 142.19203389 145.52741187 148.79259683 151.99140026
 152.66039755 153.18985914 153.58647796 156.2618307  158.8858245
 161.46073776]",
towerse.env.distLoads.windLoads_Py,N/m,"[0. 0. 0. 0. 0. 0. 0. 0. 0. 0. 0. 0. 0. 0. 0. 0. 0. 0. 0. 0. 0. 0. 0. 0.
 0. 0. 0. 0. 0. 0. 0.]",
towerse.env.distLoads.windLoads_Pz,N/m,"[0. 0. 0. 0. 0. 0. 0. 0. 0. 0. 0. 0. 0. 0. 0. 0. 0. 0. 0. 0. 0. 0. 0. 0.
 0. 0. 0. 0. 0. 0. 0.]",
towerse.env.distLoads.windLoads_qdyn,N/m**2,"[ 0.         17.98185363 23.72719812 27.90505997 31.31112432 34.23629722
 36.82776513 39.16901012 41.31718848 43.30968952 45.17506502 46.93152111
 48.59452742 50.17484294 51.68381872 53.12944631 54.51835705 55.85612303
 57.14747794 58.39762017 59.60885566 60.784255   61.92547127 63.03598195
 64.11789606 65.17309686 66.20327398 67.20994999 68.191797   69.15288389
 70.09434151]",
towerse.env.distLoads.windLoads_z,m,"[ 0.          2.66666667  5.33333333  8.         10.6691358  13.3382716
 16.00740741 18.67407407 21.34074074 24.00740741 26.67654321 29.34567901
 32.01481481 34.68148148 37.34814815 40.01481481 42.68148148 45.34814815
 48.01481481 50.68395062 53.35308642 56.02222222 58.68888889 61.35555556
 64.02222222 66.68888889 69.35555556 72.02222222 74.68148148 77.34074074
 80.        ]",
towerse.env.distLoads.windLoads_beta,deg,[0.],
towerse.env.distLoads.waveLoads_Px,N/m,"[0. 0. 0. 0. 0. 0. 0. 0. 0. 0. 0. 0. 0. 0. 0. 0. 0. 0. 0. 0. 0. 0. 0. 0.
 0. 0. 0. 0. 0. 0. 0.]",
towerse.env.distLoads.waveLoads_Py,N/m,"[0. 0. 0. 0. 0. 0. 0. 0. 0. 0. 0. 0. 0. 0. 0. 0. 0. 0. 0. 0. 0. 0. 0. 0.
 0. 0. 0. 0. 0. 0. 0.]",
towerse.env.distLoads.waveLoads_Pz,N/m,"[0. 0. 0. 0. 0. 0. 0. 0. 0. 0. 0. 0. 0. 0. 0. 0. 0. 0. 0. 0. 0. 0. 0. 0.
 0. 0. 0. 0. 0. 0. 0.]",
towerse.env.distLoads.waveLoads_qdyn,N/m**2,"[0. 0. 0. 0. 0. 0. 0. 0. 0. 0. 0. 0. 0. 0. 0. 0. 0. 0. 0. 0. 0. 0. 0. 0.
 0. 0. 0. 0. 0. 0. 0.]",
towerse.env.distLoads.waveLoads_z,m,"[0. 0. 0. 0. 0. 0. 0. 0. 0. 0. 0. 0. 0. 0. 0. 0. 0. 0. 0. 0. 0. 0. 0. 0.
 0. 0. 0. 0. 0. 0. 0.]",
towerse.env.distLoads.waveLoads_beta,deg,[0.],
towerse.yaw,deg,[0.],
towerse.s_all,,"[0. 0. 0. 0. 0. 0. 0. 0. 0. 0. 0. 0. 0. 0. 0. 0. 0. 0. 0. 0. 0. 0. 0. 0.
 0. 0. 0. 0. 0. 0. 0.]",
towerse.g2e.Px_global,N/m,"[  0.          32.6933544   46.33588829  56.82819499  65.48460189
  72.91489887  79.44852244  85.33512121  90.74818534  95.79691465
 100.24377397 104.42253152 108.37281417 112.85291592 117.22770225
 121.51426913 125.29207425 128.95537526 132.51245438 135.8363565
 139.06077889 142.19203389 145.52741187 148.79259683 151.99140026
 152.66039755 153.18985914 153.58647796 156.2618307  158.8858245
 161.46073776]",
towerse.g2e.Py_global,N/m,"[0. 0. 0. 0. 0. 0. 0. 0. 0. 0. 0. 0. 0. 0. 0. 0. 0. 0. 0. 0. 0. 0. 0. 0.
 0. 0. 0. 0. 0. 0. 0.]",
towerse.g2e.Pz_global,N/m,"[0. 0. 0. 0. 0. 0. 0. 0. 0. 0. 0. 0. 0. 0. 0. 0. 0. 0. 0. 0. 0. 0. 0. 0.
 0. 0. 0. 0. 0. 0. 0.]",
towerse.g2e.qdyn_global,Pa,"[ 0.         17.98185363 23.72719812 27.90505997 31.31112432 34.23629722
 36.82776513 39.16901012 41.31718848 43.30968952 45.17506502 46.93152111
 48.59452742 50.17484294 51.68381872 53.12944631 54.51835705 55.85612303
 57.14747794 58.39762017 59.60885566 60.784255   61.92547127 63.03598195
 64.11789606 65.17309686 66.20327398 67.20994999 68.191797   69.15288389
 70.09434151]",
towerse.lc:Px,N/m,"[0. 0. 0. 0. 0. 0. 0. 0. 0. 0. 0. 0. 0. 0. 0. 0. 0. 0. 0. 0. 0. 0. 0. 0.
 0. 0. 0. 0. 0. 0. 0.]",
towerse.lc:Py,N/m,"[0. 0. 0. 0. 0. 0. 0. 0. 0. 0. 0. 0. 0. 0. 0. 0. 0. 0. 0. 0. 0. 0. 0. 0.
 0. 0. 0. 0. 0. 0. 0.]",
towerse.lc:Pz,N/m,"[   0.          -32.6933544   -46.33588829  -56.82819499  -65.48460189
  -72.91489887  -79.44852244  -85.33512121  -90.74818534  -95.79691465
 -100.24377397 -104.42253152 -108.37281417 -112.85291592 -117.22770225
 -121.51426913 -125.29207425 -128.95537526 -132.51245438 -135.8363565
 -139.06077889 -142.19203389 -145.52741187 -148.79259683 -151.99140026
 -152.66039755 -153.18985914 -153.58647796 -156.2618307  -158.8858245
 -161.46073776]",
towerse.lc:qdyn,Pa,"[ 0.         17.98185363 23.72719812 27.90505997 31.31112432 34.23629722
 36.82776513 39.16901012 41.31718848 43.30968952 45.17506502 46.93152111
 48.59452742 50.17484294 51.68381872 53.12944631 54.51835705 55.85612303
 57.14747794 58.39762017 59.60885566 60.784255   61.92547127 63.03598195
 64.11789606 65.17309686 66.20327398 67.20994999 68.191797   69.15288389
 70.09434151]",
towerse.section_A,m**2,"[0.41580106 0.41595665 0.41611223 0.30059039 0.30059039 0.30059039
 0.26850943 0.26850943 0.26850943 0.24813054 0.24752702 0.2469235
 0.21691723 0.2174471  0.21797698 0.17215196 0.17215196 0.17215196
 0.14064185 0.14053881 0.14043577 0.10941135 0.10949158 0.10957182
 0.07838905 0.07753395 0.07667885 0.149518   0.149518   0.149518  ]",
towerse.section_Asx,m**2,"[0.23678967 0.23687795 0.23696623 0.17100629 0.17100629 0.17100629
 0.15271321 0.15271321 0.15271321 0.14109893 0.14075646 0.14041399
 0.12331888 0.12361956 0.12392024 0.0978303  0.0978303  0.0978303
 0.07990272 0.07984424 0.07978577 0.06214374 0.06218927 0.0622348
 0.04451234 0.0440271  0.04354186 0.08495903 0.08495903 0.08495903]",
towerse.section_Asy,m**2,"[0.23678967 0.23687795 0.23696623 0.17100629 0.17100629 0.17100629
 0.15271321 0.15271321 0.15271321 0.14109893 0.14075646 0.14041399
 0.12331888 0.12361956 0.12392024 0.0978303  0.0978303  0.0978303
 0.07990272 0.07984424 0.07978577 0.06214374 0.06218927 0.0622348
 0.04451234 0.0440271  0.04354186 0.08495903 0.08495903 0.08495903]",
towerse.section_Ixx,kg*m**2,"[0.81720243 0.81812009 0.81903843 0.59446097 0.59446097 0.59446097
 0.53165688 0.53165688 0.53165688 0.49048287 0.48691267 0.48335982
 0.42510575 0.42822863 0.43136676 0.34209983 0.34209983 0.34209983
 0.2796072  0.27899309 0.27837988 0.21713394 0.21761196 0.21809068
 0.15462727 0.14962206 0.14472603 0.2782519  0.2782519  0.2782519 ]",
towerse.section_Iyy,kg*m**2,"[0.81720243 0.81812009 0.81903843 0.59446097 0.59446097 0.59446097
 0.53165688 0.53165688 0.53165688 0.49048287 0.48691267 0.48335982
 0.42510575 0.42822863 0.43136676 0.34209983 0.34209983 0.34209983
 0.2796072  0.27899309 0.27837988 0.21713394 0.21761196 0.21809068
 0.15462727 0.14962206 0.14472603 0.2782519  0.2782519  0.2782519 ]",
towerse.section_J0,kg*m**2,"[1.63440486 1.63624018 1.63807687 1.18892194 1.18892194 1.18892194
 1.06331377 1.06331377 1.06331377 0.98096575 0.97382533 0.96671965
 0.85021151 0.85645726 0.86273352 0.68419966 0.68419966 0.68419966
 0.55921439 0.55798617 0.55675975 0.43426788 0.43522392 0.43618136
 0.30925455 0.29924411 0.28945207 0.5565038  0.5565038  0.5565038 ]",
towerse.section_rho,kg/m**3,"[8500. 8500. 8500. 8500. 8500. 8500. 8500. 8500. 8500. 8500. 8500. 8500.
 8500. 8500. 8500. 8500. 8500. 8500. 8500. 8500. 8500. 8500. 8500. 8500.
 8500. 8500. 8500. 8500. 8500. 8500.]",
towerse.section_E,Pa,"[2.1e+11 2.1e+11 2.1e+11 2.1e+11 2.1e+11 2.1e+11 2.1e+11 2.1e+11 2.1e+11
 2.1e+11 2.1e+11 2.1e+11 2.1e+11 2.1e+11 2.1e+11 2.1e+11 2.1e+11 2.1e+11
 2.1e+11 2.1e+11 2.1e+11 2.1e+11 2.1e+11 2.1e+11 2.1e+11 2.1e+11 2.1e+11
 2.1e+11 2.1e+11 2.1e+11]",
towerse.section_G,Pa,"[8.07692308e+10 8.07692308e+10 8.07692308e+10 8.07692308e+10
 8.07692308e+10 8.07692308e+10 8.07692308e+10 8.07692308e+10
 8.07692308e+10 8.07692308e+10 8.07692308e+10 8.07692308e+10
 8.07692308e+10 8.07692308e+10 8.07692308e+10 8.07692308e+10
 8.07692308e+10 8.07692308e+10 8.07692308e+10 8.07692308e+10
 8.07692308e+10 8.07692308e+10 8.07692308e+10 8.07692308e+10
 8.07692308e+10 8.07692308e+10 8.07692308e+10 8.07692308e+10
 8.07692308e+10 8.07692308e+10]",
towerse.tower.rna_F,N,"[[  436868.31910721]
 [    4115.84836713]
 [-1070400.61620619]]",
towerse.tower.rna_M,N*m,"[[ 24253.10866641]
 [880845.63471371]
 [336878.59452991]]",
towerse.Px,N/m,"[[0.]
 [0.]
 [0.]
 [0.]
 [0.]
 [0.]
 [0.]
 [0.]
 [0.]
 [0.]
 [0.]
 [0.]
 [0.]
 [0.]
 [0.]
 [0.]
 [0.]
 [0.]
 [0.]
 [0.]
 [0.]
 [0.]
 [0.]
 [0.]
 [0.]
 [0.]
 [0.]
 [0.]
 [0.]
 [0.]
 [0.]]",
towerse.Py,N/m,"[[0.]
 [0.]
 [0.]
 [0.]
 [0.]
 [0.]
 [0.]
 [0.]
 [0.]
 [0.]
 [0.]
 [0.]
 [0.]
 [0.]
 [0.]
 [0.]
 [0.]
 [0.]
 [0.]
 [0.]
 [0.]
 [0.]
 [0.]
 [0.]
 [0.]
 [0.]
 [0.]
 [0.]
 [0.]
 [0.]
 [0.]]",
towerse.Pz,N/m,"[[   0.        ]
 [ -32.6933544 ]
 [ -46.33588829]
 [ -56.82819499]
 [ -65.48460189]
 [ -72.91489887]
 [ -79.44852244]
 [ -85.33512121]
 [ -90.74818534]
 [ -95.79691465]
 [-100.24377397]
 [-104.42253152]
 [-108.37281417]
 [-112.85291592]
 [-117.22770225]
 [-121.51426913]
 [-125.29207425]
 [-128.95537526]
 [-132.51245438]
 [-135.8363565 ]
 [-139.06077889]
 [-142.19203389]
 [-145.52741187]
 [-148.79259683]
 [-151.99140026]
 [-152.66039755]
 [-153.18985914]
 [-153.58647796]
 [-156.2618307 ]
 [-158.8858245 ]
 [-161.46073776]]",
towerse.post.cylinder_Fz,N,"[[-2386899.93692101]
 [-2294338.10049424]
 [-2201709.82217339]
 [-2134672.08269243]
 [-2067613.08909587]
 [-2000535.64604755]
 [-1940634.70846278]
 [-1880718.8553165 ]
 [-1820789.19260425]
 [-1765325.4461508 ]
 [-1709984.5750663 ]
 [-1654767.23544593]
 [-1606259.54677296]
 [-1557622.39154016]
 [-1508856.02201132]
 [-1470264.84731985]
 [-1431663.85037457]
 [-1393053.32250363]
 [-1361408.40472519]
 [-1329777.76016359]
 [-1298161.64332181]
 [-1273462.24851988]
 [-1248736.3063204 ]
 [-1223983.99862708]
 [-1206157.79154512]
 [-1188520.07032723]
 [-1171071.19617766]
 [-1137521.26782604]
 [-1103964.36376764]
 [-1070400.6162062 ]]",
towerse.post.cylinder_Vx,N,"[[436882.48390572]
 [436908.17057455]
 [436933.01940783]
 [436936.03395914]
 [436959.13690266]
 [436981.40238641]
 [436989.62528998]
 [437010.15093616]
 [437029.83225858]
 [437036.00207829]
 [437053.67155823]
 [437070.52414995]
 [437061.50935458]
 [437077.56166545]
 [437092.71598832]
 [437058.34092028]
 [437071.18381126]
 [437083.16699761]
 [437054.67634813]
 [437064.83827887]
 [437074.13833655]
 [437036.92458157]
 [437044.76057546]
 [437051.7191273 ]
 [437005.80436058]
 [437009.48090927]
 [437012.29893528]
 [437149.25287047]
 [437151.83536693]
 [437153.49122977]]",
towerse.post.cylinder_Vy,N,"[[4115.96955231]
 [4116.18699652]
 [4116.39654738]
 [4116.4208023 ]
 [4116.61397678]
 [4116.79926154]
 [4116.86587072]
 [4117.0348399 ]
 [4117.19586419]
 [4117.24348149]
 [4117.38590415]
 [4117.52058874]
 [4117.44084871]
 [4117.56696299]
 [4117.68469926]
 [4117.39710142]
 [4117.49387483]
 [4117.58257741]
 [4117.3444929 ]
 [4117.41619848]
 [4117.4798023 ]
 [4117.17499692]
 [4117.22445494]
 [4117.26570663]
 [4116.89921745]
 [4116.91206272]
 [4116.91660822]
 [4117.90431333]
 [4117.90348929]
 [4117.89401227]]",
towerse.post.cylinder_Mxx,N*m,"[[-302324.60418879]
 [-291302.4333645 ]
 [-280254.41827647]
 [-269168.29480337]
 [-258052.43199554]
 [-246910.20332423]
 [-235753.368846  ]
 [-224572.81771701]
 [-213371.69044075]
 [-202141.44500149]
 [-190893.86939169]
 [-179631.66977935]
 [-168366.34554005]
 [-157088.05115709]
 [-145799.64525341]
 [-134501.11285334]
 [-123191.26364298]
 [-111872.73078191]
 [-100535.40928255]
 [ -89189.44610022]
 [ -77837.41172308]
 [ -66489.98207587]
 [ -55136.4364547 ]
 [ -43779.52748094]
 [ -32419.19484669]
 [ -21055.73263615]
 [  -9692.15737132]
 [   1634.59289616]
 [  12950.18293454]
 [  24253.11182741]]",
towerse.post.cylinder_Myy,N*m,"[[35713782.89729747]
 [34543319.53874552]
 [33369789.88264189]
 [32191856.54899435]
 [31010362.47748879]
 [29825693.66741836]
 [28639104.29955599]
 [27449621.59080335]
 [26257606.83042327]
 [25062160.31516978]
 [23864536.96272117]
 [22665048.80562985]
 [21464918.50209835]
 [20263082.13250446]
 [19059875.03493345]
 [17855270.15591216]
 [16649079.87112269]
 [15441611.87477705]
 [14231760.32536477]
 [13020549.71252429]
 [11808280.03317666]
 [10596040.30774829]
 [ 9382597.5077827 ]
 [ 8168274.36782146]
 [ 6952956.10187605]
 [ 5736500.5723964 ]
 [ 4519225.63292581]
 [ 3305330.1756323 ]
 [ 2092473.85498285]
 [  880845.88502586]]",
towerse.post.cylinder_Mzz,N*m,"[[336903.46675316]
 [336902.53013951]
 [336901.59327052]
 [336909.14738945]
 [336908.21703309]
 [336907.2863869 ]
 [336909.67261677]
 [336908.74197945]
 [336907.81111554]
 [336909.20333556]
 [336908.34323127]
 [336907.48100111]
 [336910.41534966]
 [336909.40719572]
 [336908.40147293]
 [336915.15488549]
 [336914.21970264]
 [336913.28428696]
 [336919.91201713]
 [336919.00293526]
 [336918.09294924]
 [336928.0891134 ]
 [336927.11168731]
 [336926.13469191]
 [336943.73213663]
 [336943.49133772]
 [336943.25543193]
 [336911.2653035 ]
 [336910.32923285]
 [336909.39297279]]",
towerse.qdyn,Pa,"[[ 0.        ]
 [17.98185363]
 [23.72719812]
 [27.90505997]
 [31.31112432]
 [34.23629722]
 [36.82776513]
 [39.16901012]
 [41.31718848]
 [43.30968952]
 [45.17506502]
 [46.93152111]
 [48.59452742]
 [50.17484294]
 [51.68381872]
 [53.12944631]
 [54.51835705]
 [55.85612303]
 [57.14747794]
 [58.39762017]
 [59.60885566]
 [60.784255  ]
 [61.92547127]
 [63.03598195]
 [64.11789606]
 [65.17309686]
 [66.20327398]
 [67.20994999]
 [68.191797  ]
 [69.15288389]
 [70.09434151]]",
tcc.blade_mass,kg,[0.],
tcc.blade_mass_cost_coeff,USD/kg,[14.6],
tcc.blade_cost_external,USD,[0.],
tcc.hub_mass,kg,[0.],
tcc.hub_mass_cost_coeff,USD/kg,[3.9],
tcc.pitch_system_mass,kg,[0.],
tcc.pitch_system_mass_cost_coeff,USD/kg,[22.1],
tcc.spinner_mass,kg,[0.],
tcc.spinner_mass_cost_coeff,USD/kg,[11.1],
tcc.hub_cost,USD,[0.],
tcc.pitch_system_cost,USD,[0.],
tcc.spinner_cost,USD,[0.],
tcc.hub_assemblyCostMultiplier,,[0.],
tcc.hub_overheadCostMultiplier,,[0.],
tcc.hub_profitMultiplier,,[0.],
tcc.hub_transportMultiplier,,[0.],
tcc.blade_cost,USD,[0.],
tcc.hub_system_cost,USD,[0.],
tcc.hub_system_mass_tcc,kg,[0.],
tcc.blade_number,Unavailable,3,
tcc.lss_mass,kg,[0.],
tcc.lss_mass_cost_coeff,USD/kg,[11.9],
tcc.main_bearing_mass,kg,[0.],
tcc.bearing_mass_cost_coeff,USD/kg,[4.5],
tcc.gearbox_mass,kg,[0.],
tcc.gearbox_mass_cost_coeff,USD/kg,[12.9],
tcc.hss_mass,kg,[0.],
tcc.hss_mass_cost_coeff,USD/kg,[6.8],
tcc.brake_mass,kg,[0.],
tcc.brake_mass_cost_coeff,USD/kg,[3.6254],
tcc.generator_mass,kg,[0.],
tcc.generator_mass_cost_coeff,USD/kg,[12.4],
tcc.generator_cost_external,USD,[0.],
tcc.bedplate_mass,kg,[0.],
tcc.bedplate_mass_cost_coeff,USD/kg,[2.9],
tcc.yaw_mass,kg,[0.],
tcc.yaw_mass_cost_coeff,USD/kg,[8.3],
tcc.hvac_mass,kg,[0.],
tcc.hvac_mass_cost_coeff,USD/kg,[124.],
tcc.machine_rating,kW,[1790.],
tcc.controls_machine_rating_cost_coeff,USD/kW,[21.15],
tcc.converter_mass,kg,[0.],
tcc.converter_mass_cost_coeff,USD/kg,[18.8],
tcc.elec_connec_machine_rating_cost_coeff,USD/kW,[41.85],
tcc.cover_mass,kg,[0.],
tcc.cover_mass_cost_coeff,USD/kg,[5.7],
tcc.platforms_mass,kg,[0.],
tcc.platforms_mass_cost_coeff,USD/kg,[17.1],
tcc.crane_cost,USD,[12000.],
tcc.crane,Unavailable,False,
tcc.transformer_mass,kg,[0.],
tcc.transformer_mass_cost_coeff,USD/kg,[18.8],
tcc.lss_cost,USD,[0.],
tcc.main_bearing_cost,USD,[0.],
tcc.gearbox_cost,USD,[0.],
tcc.hss_cost,USD,[0.],
tcc.brake_cost,USD,[0.],
tcc.generator_cost,USD,[0.],
tcc.bedplate_cost,USD,[0.],
tcc.yaw_system_cost,USD,[0.],
tcc.converter_cost,USD,[0.],
tcc.hvac_cost,USD,[0.],
tcc.cover_cost,USD,[0.],
tcc.elec_cost,USD,[74911.5],
tcc.controls_cost,USD,[37858.5],
tcc.platforms_cost,USD,[0.],
tcc.transformer_cost,USD,[0.],
tcc.nacelle_assemblyCostMultiplier,,[0.],
tcc.nacelle_overheadCostMultiplier,,[0.],
tcc.nacelle_profitMultiplier,,[0.],
tcc.nacelle_transportMultiplier,,[0.],
tcc.main_bearing_number,Unavailable,2,
tcc.tower_mass,kg,[142765.13110323],
tcc.tower_mass_cost_coeff,USD/kg,[2.9],
tcc.tower_cost_external,USD,[346393.38823034],
tcc.tower_parts_cost,USD,[346393.38823034],
tcc.tower_assemblyCostMultiplier,,[0.],
tcc.tower_overheadCostMultiplier,,[0.],
tcc.tower_profitMultiplier,,[0.],
tcc.tower_transportMultiplier,,[0.],
tcc.rotor_cost,USD,[0.],
tcc.rotor_mass_tcc,kg,[0.],
tcc.nacelle_cost,USD,[112770.],
tcc.nacelle_mass_tcc,kg,[0.],
tcc.tower_cost,USD,[346393.38823034],
tcc.turbine_assemblyCostMultiplier,,[0.],
tcc.turbine_overheadCostMultiplier,,[0.],
tcc.turbine_profitMultiplier,,[0.],
tcc.turbine_transportMultiplier,,[0.],
tcc.turbine_cost,USD,[459163.38823034],
tcc.turbine_cost_kW,USD/kW,[256.51585935],
tcc.turbine_mass_tcc,kg,[142765.13110323],
materials.E,Pa,"[[4.560e+06 4.560e+06 4.560e+06]
 [2.179e+10 1.467e+10 1.467e+10]
 [1.392e+10 1.392e+10 1.392e+10]
 [4.200e+10 1.230e+10 1.230e+10]
 [5.000e+07 5.000e+07 5.000e+07]
 [5.000e+07 5.000e+07 5.000e+07]
 [4.560e+06 4.560e+06 4.560e+06]
 [1.000e+06 1.000e+06 1.000e+06]
 [2.100e+11 2.100e+11 2.100e+11]]","2D array of the Youngs moduli of the materials. Each row represents a material, the three columns represent E11, E22 and E33."
materials.G,Pa,"[[1.52000000e+06 1.52000000e+06 1.52000000e+06]
 [9.41300000e+09 9.41300000e+09 9.41300000e+09]
 [1.15000000e+10 1.15000000e+10 1.15000000e+10]
 [3.47000000e+09 3.47000000e+09 3.47000000e+09]
 [1.66666667e+07 1.66666667e+07 1.66666667e+07]
 [1.66666667e+07 1.66666667e+07 1.66666667e+07]
 [1.52000000e+06 1.52000000e+06 1.52000000e+06]
 [3.84615385e+05 3.84615385e+05 3.84615385e+05]
 [8.07692308e+10 8.07692308e+10 8.07692308e+10]]","2D array of the shear moduli of the materials. Each row represents a material, the three columns represent G12, G13 and G23."
materials.nu,,"[[0.49 0.49 0.49]
 [0.48 0.48 0.48]
 [0.49 0.49 0.49]
 [0.31 0.31 0.31]
 [0.49 0.49 0.49]
 [0.49 0.49 0.49]
 [0.49 0.49 0.49]
 [0.3  0.3  0.3 ]
 [0.3  0.3  0.3 ]]","2D array of the Poisson ratio of the materials. Each row represents a material, the three columns represent nu12, nu13 and nu23."
materials.Xt,Pa,"[[0.00e+00 0.00e+00 0.00e+00]
 [6.00e+08 6.00e+08 6.00e+08]
 [6.00e+08 6.00e+08 6.00e+08]
 [6.00e+08 6.00e+08 6.00e+08]
 [6.90e+05 6.90e+05 6.90e+05]
 [6.90e+05 6.90e+05 6.90e+05]
 [6.90e+05 6.90e+05 6.90e+05]
 [0.00e+00 0.00e+00 0.00e+00]
 [3.55e+08 3.55e+08 3.55e+08]]","2D array of the Ultimate Tensile Strength (UTS) of the materials. Each row represents a material, the three columns represent Xt12, Xt13 and Xt23."
materials.Xc,Pa,"[[0.00e+00 0.00e+00 0.00e+00]
 [6.00e+08 6.00e+08 6.00e+08]
 [6.00e+08 6.00e+08 6.00e+08]
 [6.00e+08 6.00e+08 6.00e+08]
 [4.00e+05 4.00e+05 4.00e+05]
 [4.00e+05 4.00e+05 4.00e+05]
 [4.00e+05 4.00e+05 4.00e+05]
 [0.00e+00 0.00e+00 0.00e+00]
 [3.55e+08 3.55e+08 3.55e+08]]","2D array of the Ultimate Compressive Strength (UCS) of the materials. Each row represents a material, the three columns represent Xc12, Xc13 and Xc23."
materials.S,Pa,"[[0.0e+00 0.0e+00 0.0e+00]
 [5.0e+08 2.0e+08 2.0e+08]
 [5.0e+08 2.0e+08 2.0e+08]
 [5.0e+08 2.0e+08 2.0e+08]
 [3.1e+05 3.1e+05 3.1e+05]
 [3.1e+05 3.1e+05 3.1e+05]
 [3.1e+05 3.1e+05 3.1e+05]
 [0.0e+00 0.0e+00 0.0e+00]
 [0.0e+00 0.0e+00 0.0e+00]]","2D array of the Ultimate Shear Strength (USS) of the materials. Each row represents a material, the three columns represent S12, S13 and S23."
materials.sigma_y,Pa,[0.0e+00 0.0e+00 0.0e+00 0.0e+00 0.0e+00 0.0e+00 0.0e+00 0.0e+00 4.5e+08],Yield stress of the material (in the principle direction for composites).
materials.wohler_exp,,[1. 1. 1. 1. 1. 1. 1. 1. 1.],Exponent of S-N Wohler fatigue curve in the form of S = A*N^-(1/m).
materials.wohler_intercept,,"[0.00e+00 6.00e+08 6.00e+08 6.00e+08 6.90e+05 6.90e+05 6.90e+05 0.00e+00
 3.55e+08]","Stress-intercept (A) of S-N Wohler fatigue curve in the form of S = A*N^-(1/m), taken as ultimate stress unless otherwise specified."
materials.unit_cost,USD/kg,[ 7.23  2.86  3.    1.87 13.   13.    0.    3.63  0.  ],1D array of the unit costs of the materials.
materials.waste,,[0.25 0.15 0.15 0.05 0.2  0.2  0.   0.2  0.  ],1D array of the non-dimensional waste fraction of the materials.
materials.roll_mass,kg,"[  0.     181.4368 181.4368   0.       0.       0.       0.       0.
   0.    ]",1D array of the roll mass of the composite fabrics. Non-composite materials are kept at 0.
materials.orth,Unavailable,[0. 1. 1. 1. 0. 0. 0. 0. 0.],1D array of flags to set whether a material is isotropic (0) or orthtropic (1). Each entry represents a material.
materials.ply_t,m,"[0.         0.00089237 0.00089237 0.0013116  0.         0.
 0.         0.         0.        ]",1D array of the ply thicknesses of the materials. Non-composite materials are kept at 0.
materials.fvf,,[0.     0.4793 0.4793 0.5448 0.     0.     0.     0.     0.    ],1D array of the non-dimensional fiber volume fraction of the composite materials. Non-composite materials are kept at 0.
materials.fwf,,[0.     0.6754 0.6754 0.7302 0.     0.     0.     0.     0.    ],1D array of the non-dimensional fiber weight- fraction of the composite materials. Non-composite materials are kept at 0.
airfoils.ac,,[0.25 0.25 0.25 0.25 0.25 0.25 0.5 ],1D array of the aerodynamic centers of each airfoil.
airfoils.r_thick,,[0.21 0.25 0.3  0.35 0.4  0.5  1.  ],1D array of the relative thicknesses of each airfoil.
airfoils.aoa,rad,"[-3.14159265 -3.08923278 -3.0368729  -2.98451302 -2.93215314 -2.87979327
 -2.82743339 -2.77507351 -2.72271363 -2.67035376 -2.61799388 -2.565634
 -2.51327412 -2.46091425 -2.40855437 -2.35619449 -2.30383461 -2.25147474
 -2.19911486 -2.14675498 -2.0943951  -2.04203522 -1.98967535 -1.93731547
 -1.88495559 -1.83259571 -1.78023584 -1.72787596 -1.67551608 -1.6231562
 -1.57079633 -1.51843645 -1.46607657 -1.41371669 -1.36135682 -1.30899694
 -1.25663706 -1.20427718 -1.15191731 -1.09955743 -1.04719755 -0.99483767
 -0.9424778  -0.89011792 -0.83775804 -0.78539816 -0.73303829 -0.68067841
 -0.62831853 -0.57595865 -0.52359878 -0.51302102 -0.50244327 -0.49186552
 -0.48128776 -0.47071001 -0.46013226 -0.4495545  -0.43897675 -0.428399
 -0.41782125 -0.40724349 -0.39666574 -0.38608799 -0.37551023 -0.36493248
 -0.35435473 -0.34377697 -0.33319922 -0.32262147 -0.31204371 -0.30146596
 -0.29088821 -0.28031046 -0.2697327  -0.25915495 -0.2485772  -0.23799944
 -0.22742169 -0.21684394 -0.20626618 -0.19568843 -0.18511068 -0.17453293
 -0.16395517 -0.15337742 -0.14279967 -0.13222191 -0.12164416 -0.11106641
 -0.10048865 -0.0899109  -0.07933315 -0.06875539 -0.05817764 -0.04759989
 -0.03702214 -0.02644438 -0.01586663 -0.00528888  0.00528888  0.01586663
  0.02644438  0.03702214  0.04759989  0.05817764  0.06875539  0.07933315
  0.0899109   0.10048865  0.11106641  0.12164416  0.13222191  0.14279967
  0.15337742  0.16395517  0.17453293  0.18511068  0.19568843  0.20626618
  0.21684394  0.22742169  0.23799944  0.2485772   0.25915495  0.2697327
  0.28031046  0.29088821  0.30146596  0.31204371  0.32262147  0.33319922
  0.34377697  0.35435473  0.36493248  0.37551023  0.38608799  0.39666574
  0.40724349  0.41782125  0.428399    0.43897675  0.4495545   0.46013226
  0.47071001  0.48128776  0.49186552  0.50244327  0.51302102  0.52359878
  0.57595865  0.62831853  0.68067841  0.73303829  0.78539816  0.83775804
  0.89011792  0.9424778   0.99483767  1.04719755  1.09955743  1.15191731
  1.20427718  1.25663706  1.30899694  1.36135682  1.41371669  1.46607657
  1.51843645  1.57079633  1.6231562   1.67551608  1.72787596  1.78023584
  1.83259571  1.88495559  1.93731547  1.98967535  2.04203522  2.0943951
  2.14675498  2.19911486  2.25147474  2.30383461  2.35619449  2.40855437
  2.46091425  2.51327412  2.565634    2.61799388  2.67035376  2.72271363
  2.77507351  2.82743339  2.87979327  2.93215314  2.98451302  3.0368729
  3.08923278  3.14159265]",1D array of the angles of attack used to define the polars of the airfoils. All airfoils defined in openmdao share this grid.
airfoils.Re,,[6000000.],1D array of the Reynolds numbers used to define the polars of the airfoils. All airfoils defined in openmdao share this grid.
airfoils.cl,,"[[[[ 0.        ]]

  [[ 0.14947178]]

  [[ 0.30031292]]

  ...

  [[-0.28168874]]

  [[-0.14020225]]

  [[ 0.        ]]]


 [[[ 0.        ]]

  [[ 0.10838901]]

  [[ 0.2177708 ]]

  ...

  [[-0.20713181]]

  [[-0.10309367]]

  [[ 0.        ]]]


 [[[ 0.        ]]

  [[ 0.10930581]]

  [[ 0.21961299]]

  ...

  [[-0.2089772 ]]

  [[-0.10401226]]

  [[ 0.        ]]]


 ...


 [[[ 0.        ]]

  [[ 0.14719561]]

  [[ 0.29573972]]

  ...

  [[-0.29573972]]

  [[-0.14719561]]

  [[ 0.        ]]]


 [[[ 0.        ]]

  [[ 0.13139799]]

  [[ 0.26399975]]

  ...

  [[-0.26399975]]

  [[-0.13139799]]

  [[ 0.        ]]]


 [[[ 0.        ]]

  [[ 0.        ]]

  [[ 0.        ]]

  ...

  [[ 0.        ]]

  [[ 0.        ]]

  [[ 0.        ]]]]","4D array with the lift coefficients of the airfoils. Dimension 0 is along the different airfoils defined in the yaml, dimension 1 is along the angles of attack, dimension 2 is along the Reynolds number, dimension 3 is along the number of tabs, which may describe multiple sets at the same station, for example in presence of a flap."
airfoils.cd,,"[[[[0.037696  ]]

  [[0.037696  ]]

  [[0.04523516]]

  ...

  [[0.04705176]]

  [[0.03860026]]

  [[0.037696  ]]]


 [[[0.056205  ]]

  [[0.056205  ]]

  [[0.06744594]]

  ...

  [[0.06885594]]

  [[0.05690678]]

  [[0.056205  ]]]


 [[[0.046744  ]]

  [[0.046744  ]]

  [[0.05609275]]

  ...

  [[0.05784935]]

  [[0.04761839]]

  [[0.046744  ]]]


 ...


 [[[0.01      ]]

  [[0.01      ]]

  [[0.01      ]]

  ...

  [[0.01      ]]

  [[0.01      ]]

  [[0.01      ]]]


 [[[0.1546    ]]

  [[0.16550006]]

  [[0.17649998]]

  ...

  [[0.17649998]]

  [[0.16550006]]

  [[0.1546    ]]]


 [[[0.5       ]]

  [[0.5       ]]

  [[0.5       ]]

  ...

  [[0.5       ]]

  [[0.5       ]]

  [[0.5       ]]]]","4D array with the drag coefficients of the airfoils. Dimension 0 is along the different airfoils defined in the yaml, dimension 1 is along the angles of attack, dimension 2 is along the Reynolds number, dimension 3 is along the number of tabs, which may describe multiple sets at the same station, for example in presence of a flap."
airfoils.cm,,"[[[[ 0.2       ]]

  [[ 0.2       ]]

  [[ 0.23999977]]

  ...

  [[-0.29999972]]

  [[-0.06876861]]

  [[ 0.2       ]]]


 [[[ 0.        ]]

  [[ 0.11945272]]

  [[ 0.23999977]]

  ...

  [[-0.29999972]]

  [[-0.1493159 ]]

  [[ 0.        ]]]


 [[[ 0.        ]]

  [[ 0.11945272]]

  [[ 0.23999977]]

  ...

  [[-0.29999972]]

  [[-0.1493159 ]]

  [[ 0.        ]]]


 ...


 [[[ 0.        ]]

  [[ 0.11945272]]

  [[ 0.23999977]]

  ...

  [[-0.29999972]]

  [[-0.1493159 ]]

  [[ 0.        ]]]


 [[[ 0.        ]]

  [[ 0.11945272]]

  [[ 0.23999977]]

  ...

  [[-0.29999972]]

  [[-0.1493159 ]]

  [[ 0.        ]]]


 [[[ 0.        ]]

  [[ 0.        ]]

  [[ 0.        ]]

  ...

  [[ 0.        ]]

  [[ 0.        ]]

  [[ 0.        ]]]]","4D array with the moment coefficients of the airfoils. Dimension 0 is along the different airfoils defined in the yaml, dimension 1 is along the angles of attack, dimension 2 is along the Reynolds number, dimension 3 is along the number of tabs, which may describe multiple sets at the same station, for example in presence of a flap."
airfoils.coord_xy,,"[[[ 1.00000000e+00 -1.39000116e-03]
  [ 9.76041164e-01  1.45768394e-03]
  [ 9.52121911e-01  4.43485592e-03]
  ...
  [ 9.53145851e-01  1.32310193e-02]
  [ 9.76587857e-01  7.41908181e-03]
  [ 1.00000000e+00  1.39000116e-03]]

 [[ 1.00000000e+00  0.00000000e+00]
  [ 9.76929663e-01  5.57238853e-04]
  [ 9.54063957e-01  4.51429912e-03]
  ...
  [ 9.57409548e-01  1.48735183e-02]
  [ 9.79378651e-01  9.07063465e-03]
  [ 1.00000000e+00  7.04731414e-19]]

 [[ 1.00000000e+00 -8.70000000e-03]
  [ 9.75166764e-01 -3.19401804e-03]
  [ 9.49926694e-01 -2.39196736e-04]
  ...
  [ 9.53041209e-01  2.12373413e-02]
  [ 9.76543751e-01  1.51021375e-02]
  [ 1.00000000e+00  8.70000000e-03]]

 ...

 [[ 1.00000000e+00 -6.20000627e-02]
  [ 9.97623314e-01 -8.10161701e-02]
  [ 9.92090785e-01 -9.12693802e-02]
  ...
  [ 9.96942317e-01 -1.14556419e-02]
  [ 9.99186413e-01 -2.83283436e-02]
  [ 1.00000000e+00 -4.70000475e-02]]

 [[ 1.00000000e+00 -8.40013004e-02]
  [ 9.95824148e-01 -9.98470875e-02]
  [ 9.91908208e-01 -1.15746094e-01]
  ...
  [ 9.96445316e-01 -2.03823373e-02]
  [ 9.98197884e-01 -3.96907249e-02]
  [ 1.00000000e+00 -5.90009134e-02]]

 [[ 1.00000000e+00  0.00000000e+00]
  [ 9.99492456e-01 -2.24148318e-02]
  [ 9.97998443e-01 -4.47793323e-02]
  ...
  [ 9.98052103e-01  4.41573285e-02]
  [ 9.99507691e-01  2.21028728e-02]
  [ 1.00000000e+00 -4.69894578e-19]]]",3D array of the x and y airfoil coordinates of the n_af airfoils.
airfoils.name,Unavailable,"['DU08-W-210', 'DU91-W2-250', 'DU97-W-300', 'DU00-W2-350', 'FX77-W-400', 'FX77-W-500', 'cylinder']",1D array of names of airfoils.
configuration.rated_power,W,[1790000.],Electrical rated power of the generator.
configuration.lifetime,year,[25.],Turbine design lifetime.
configuration.rotor_diameter_user,m,[100.],Diameter of the rotor specified by the user. It is defined as two times the blade length plus the hub diameter.
configuration.hub_height_user,m,[80.],Height of the hub center over the ground (land-based) or the mean sea level (offshore) specified by the user.
configuration.ws_class,Unavailable,III,"IEC wind turbine class. I - offshore, II coastal, III - land-based, IV - low wind speed site."
configuration.turb_class,Unavailable,A,"IEC wind turbine category. A - high turbulence intensity (land-based), B - mid turbulence, C - low turbulence (offshore)."
configuration.gearbox_type,Unavailable,geared,"Gearbox configuration (geared, direct-drive, etc.)."
configuration.rotor_orientation,Unavailable,upwind,"Rotor orientation, either upwind or downwind."
configuration.upwind,Unavailable,True,Convenient boolean for upwind (True) or downwind (False).
configuration.n_blades,Unavailable,3,Number of blades of the rotor.
control.V_in,m/s,[3.],Cut in wind speed. This is the wind speed where region II begins.
control.V_out,m/s,[25.],Cut out wind speed. This is the wind speed where region III ends.
control.minOmega,rad/s,[0.83775804],Minimum allowed rotor speed.
control.maxOmega,rad/s,[1.65048544],Maximum allowed rotor speed.
control.max_TS,m/s,[80.],Maximum allowed blade tip speed.
control.max_pitch_rate,rad/s,[0.12217305],Maximum allowed blade pitch rate
control.max_torque_rate,N*m/s,[1500000.],Maximum allowed generator torque rate
control.rated_TSR,,[9.],Constant tip speed ratio in region II.
control.rated_pitch,rad,[0.],Constant pitch angle in region II.
tower.ref_axis,m,"[[  0.     0.     0.  ]
 [  0.     0.    10.8 ]
 [  0.     0.    21.61]
 [  0.     0.    32.41]
 [  0.     0.    43.22]
 [  0.     0.    54.02]
 [  0.     0.    64.82]
 [  0.     0.    75.63]
 [  0.     0.    86.43]
 [  0.     0.    97.23]
 [  0.     0.   108.  ]]","2D array of the coordinates (x,y,z) of the tower reference axis. The coordinate system is the global coordinate system of OpenFAST: it is placed at tower base with x pointing downwind, y pointing on the side and z pointing vertically upwards. A standard tower configuration will have zero x and y values and positive z values."
tower.diameter,m,"[3.99554897 4.         4.         4.         3.97098351 4.
 4.         3.99123446 4.         3.87       3.87      ]",1D array of the outer diameter values defined along the tower axis.
tower.cd,,[0.5 0.5 0.5 0.5 0.5 0.5 0.5 0.5 0.5 0.5 0.5],1D array of the drag coefficients defined along the tower height.
tower.layer_thickness,m,"[[0.03864657 0.02374535 0.02121806 0.01892223 0.0182026  0.01439214
  0.01129674 0.00968544 0.00665192 0.00508872 0.01796678]]","2D array of the thickness of the layers of the tower structure. The first dimension represents each layer, the second dimension represents each piecewise-constant entry of the tower sections."
tower.outfitting_factor,,[1.07],Multiplier that accounts for secondary structure mass inside of tower
tower.layer_name,Unavailable,['tower_wall'],1D array of the names of the layers modeled in the tower structure.
tower.layer_mat,Unavailable,['steel'],1D array of the names of the materials of each layer modeled in the tower structure.
env.rho_air,kg/m**3,[1.225],Density of air
env.mu_air,kg/m/s,[1.81e-05],Dynamic viscosity of air
env.shear_exp,,[0.2],Shear exponent of the wind.
env.speed_sound_air,m/s,[340.],Speed of sound in air.
env.weibull_k,,[2.],Shape parameter of the Weibull probability density function of the wind.
env.rho_water,kg/m**3,[1025.],Density of ocean water
env.mu_water,kg/m/s,[0.0013351],Dynamic viscosity of ocean water
env.water_depth,m,[0.],Water depth for analysis.  Values > 0 mean offshore
env.Hsig_wave,m,[0.],Significant wave height
env.Tsig_wave,s,[0.],Significant wave period
env.G_soil,N/m**2,[1.4e+08],Shear stress of soil
env.nu_soil,,[0.4],Poisson ratio of soil
costs.offset_tcc_per_kW,USD/kW,[0.],Offset to turbine capital cost
costs.bos_per_kW,USD/kW,[459.],Balance of station/plant capital cost
costs.opex_per_kW,USD/kW/year,[44.],Average annual operational expenditures of the turbine
costs.wake_loss_factor,,[0.15],The losses in AEP due to waked conditions
costs.fixed_charge_rate,,[0.075],Fixed charge rate for coe calculation
costs.labor_rate,USD/h,[58.8],
costs.painting_rate,USD/m**2,[30.],
costs.blade_mass_cost_coeff,USD/kg,[14.6],
costs.hub_mass_cost_coeff,USD/kg,[3.9],
costs.pitch_system_mass_cost_coeff,USD/kg,[22.1],
costs.spinner_mass_cost_coeff,USD/kg,[11.1],
costs.lss_mass_cost_coeff,USD/kg,[11.9],
costs.bearing_mass_cost_coeff,USD/kg,[4.5],
costs.gearbox_mass_cost_coeff,USD/kg,[12.9],
costs.hss_mass_cost_coeff,USD/kg,[6.8],
costs.generator_mass_cost_coeff,USD/kg,[12.4],
costs.bedplate_mass_cost_coeff,USD/kg,[2.9],
costs.yaw_mass_cost_coeff,USD/kg,[8.3],
costs.converter_mass_cost_coeff,USD/kg,[18.8],
costs.transformer_mass_cost_coeff,USD/kg,[18.8],
costs.hvac_mass_cost_coeff,USD/kg,[124.],
costs.cover_mass_cost_coeff,USD/kg,[5.7],
costs.elec_connec_machine_rating_cost_coeff,USD/kW,[41.85],
costs.platforms_mass_cost_coeff,USD/kg,[17.1],
costs.tower_mass_cost_coeff,USD/kg,[2.9],
costs.controls_machine_rating_cost_coeff,USD/kW,[21.15],
costs.crane_cost,USD,[12000.],
costs.electricity_price,USD/kW/h,[0.04],
costs.reserve_margin_price,USD/kW/year,[120.],
costs.capacity_credit,,[0.],
costs.benchmark_price,USD/kW/h,[0.071],
costs.turbine_number,Unavailable,178.0,Number of turbines at plant
high_level_tower_props.tower_ref_axis,m,"[[ 0.          0.          0.        ]
 [ 0.          0.          8.        ]
 [ 0.          0.         16.00740741]
 [ 0.          0.         24.00740741]
 [ 0.          0.         32.01481481]
 [ 0.          0.         40.01481481]
 [ 0.          0.         48.01481481]
 [ 0.          0.         56.02222222]
 [ 0.          0.         64.02222222]
 [ 0.          0.         72.02222222]
 [ 0.          0.         80.        ]]","2D array of the coordinates (x,y,z) of the tower reference axis. The coordinate system is the global coordinate system of OpenFAST: it is placed at tower base with x pointing downwind, y pointing on the side and z pointing vertically upwards. A standard tower configuration will have zero x and y values and positive z values."
high_level_tower_props.hub_height,m,[80.],"Height of the hub in the global reference system, i.e. distance rotor center to ground."
tower_grid.s,,"[0.         0.1        0.20009259 0.30009259 0.40018519 0.50018519
 0.60018519 0.70027778 0.80027778 0.90027778 1.        ]","1D array of the non-dimensional grid defined along the tower axis (0-tower base, 1-tower top)"
tower_grid.height,m,[80.],Scalar of the tower height computed along the z axis.
tower_grid.length,m,[80.],Scalar of the tower length computed along its curved axis. A standard straight tower will be as high as long.
tower_grid.foundation_height,m,[0.],Foundation height in respect to the ground level.
towerse.height_constraint,m,[0.],
towerse.transition_piece_height,m,[0.],
towerse.z_start,m,[0.],
towerse.tower_section_height,m,"[8.         8.00740741 8.         8.00740741 8.         8.
 8.00740741 8.         8.         7.97777778]",
towerse.member.sigma_ult,Pa,"[3.55e+08 3.55e+08 3.55e+08 3.55e+08 3.55e+08 3.55e+08 3.55e+08 3.55e+08
 3.55e+08 3.55e+08]",
towerse.member.wohler_exp,,[1. 1. 1. 1. 1. 1. 1. 1. 1. 1.],
towerse.member.wohler_A,,"[3.55e+08 3.55e+08 3.55e+08 3.55e+08 3.55e+08 3.55e+08 3.55e+08 3.55e+08
 3.55e+08 3.55e+08]",
towerse.member.ballast_density,kg/m**3,[],
towerse.member.ballast_unit_cost,USD/kg,[],
towerse.z_param,m,"[ 0.          8.         16.00740741 24.00740741 32.01481481 40.01481481
 48.01481481 56.02222222 64.02222222 72.02222222 80.        ]",
towerse.member.sec_loc,,"[0.         0.1111454  0.2222908  0.3334362  0.4445816  0.55567556
 0.66682096 0.77796636 0.88906033 1.        ]",normalized sectional location
towerse.member.str_tw,deg,[0. 0. 0. 0. 0. 0. 0. 0. 0. 0.],structural twist of section
towerse.member.tw_iner,deg,[0. 0. 0. 0. 0. 0. 0. 0. 0. 0.],inertial twist of section
towerse.member.mass_den,kg/m,"[3535.63150704 2555.01829015 2282.33018845 2103.97970138 1848.30037749
 1463.29167784 1194.57988262  930.67846501  659.03857761 1270.903027  ]",sectional mass per unit length
towerse.member.foreaft_iner,kg*m,"[6954.02076243 5052.91825581 4519.08351893 4138.75765683 3639.9433376
 2907.84854807 2371.44122543 1849.70165577 1271.7874792  2365.14116225]",sectional fore-aft intertia per unit length about the Y_G inertia axis
towerse.member.sideside_iner,kg*m,"[6954.02076243 5052.91825581 4519.08351893 4138.75765683 3639.9433376
 2907.84854807 2371.44122543 1849.70165577 1271.7874792  2365.14116225]",sectional side-side intertia per unit length about the Y_G inertia axis
towerse.member.foreaft_stff,N*m**2,"[1.60565625e+11 1.16669910e+11 1.04343875e+11 9.55622988e+10
 8.40448709e+10 6.71410880e+10 5.47556523e+10 4.27088892e+10
 2.93650765e+10 5.46101863e+10]",sectional fore-aft bending stiffness per unit length about the Y_E elastic axis
towerse.member.sideside_stff,N*m**2,"[1.60565625e+11 1.16669910e+11 1.04343875e+11 9.55622988e+10
 8.40448709e+10 6.71410880e+10 5.47556523e+10 4.27088892e+10
 2.93650765e+10 5.46101863e+10]",sectional side-side bending stiffness per unit length about the Y_E elastic axis
towerse.member.tor_stff,N*m**2,"[1.23512019e+11 8.97460848e+10 8.02645189e+10 7.35094606e+10
 6.46499007e+10 5.16469907e+10 4.21197325e+10 3.28529917e+10
 2.25885204e+10 4.20078356e+10]",sectional torsional stiffness
towerse.member.axial_stff,N,"[8.16363515e+10 5.89943750e+10 5.26981132e+10 4.85800701e+10
 4.26765343e+10 3.37868337e+10 2.75823832e+10 2.14890025e+10
 1.52169435e+10 2.93446548e+10]",sectional axial stiffness
towerse.member.cg_offst,m,[0. 0. 0. 0. 0. 0. 0. 0. 0. 0.],offset from the sectional center of mass
towerse.member.sc_offst,m,[0. 0. 0. 0. 0. 0. 0. 0. 0. 0.],offset from the sectional shear center
towerse.member.tc_offst,m,[0. 0. 0. 0. 0. 0. 0. 0. 0. 0.],offset from the sectional tension center
towerse.member.axial_load2stress,m**2,"[[ 0.          0.          2.57238346  2.61429756  2.61429756  0.        ]
 [ 0.          0.          3.55966141  3.59989992  3.59989992  0.        ]
 [ 0.          0.          3.98496241  4.02515243  4.02515243  0.        ]
 [ 0.          0.          4.32276034  4.37909761  4.37909761  0.        ]
 [ 0.          0.          4.92073697  4.97920492  4.97920492  0.        ]
 [ 0.          0.          6.21543889  6.25548398  6.25548398  0.        ]
 [ 0.          0.          7.6135553   7.66203656  7.66203656  0.        ]
 [ 0.          0.          9.77244058  9.82324328  9.82324328  0.        ]
 [ 0.          0.         13.80040609 14.07028516 14.07028516  0.        ]
 [ 0.          0.          7.15632885  7.4409195   7.4409195   0.        ]]",
towerse.member.shear_load2stress,m**2,"[[ 4.22158328  4.22158328  0.          0.          0.          1.30714878]
 [ 5.84773799  5.84773799  0.          0.          0.          1.79994996]
 [ 6.54822209  6.54822209  0.          0.          0.          2.01257621]
 [ 7.10446971  7.10446971  0.          0.          0.          2.1895488 ]
 [ 8.08933479  8.08933479  0.          0.          0.          2.48960246]
 [10.22178239 10.22178239  0.          0.          0.          3.12774199]
 [12.52438446 12.52438446  0.          0.          0.          3.83101828]
 [16.07994516 16.07994516  0.          0.          0.          4.91162164]
 [22.71328408 22.71328408  0.          0.          0.          7.03514258]
 [11.77037929 11.77037929  0.          0.          0.          3.72045975]]",
towerse.constr_d_to_t,,"[128.1503891  177.92244578 199.30101509 214.70759657 244.54810799
 311.41881297 380.85821689 489.13853794 670.32101984 335.71172413]",
towerse.constr_taper,,"[0.99888724 1.         1.         0.99274588 0.99274588 1.
 0.99780862 0.99780862 0.9675     1.        ]",
towerse.slope,,"[1.001114   1.         1.         0.99274588 1.00730713 1.
 0.99780862 1.0021962  0.9675     1.        ]",
towerse.thickness_slope,,"[0.72066078 0.89273226 0.92487709 0.87797693 0.78812942 0.81678058
 0.77863057 0.71863754 1.96373354]",
towerse.member.nu_full,,"[0.3 0.3 0.3 0.3 0.3 0.3 0.3 0.3 0.3 0.3 0.3 0.3 0.3 0.3 0.3 0.3 0.3 0.3
 0.3 0.3 0.3 0.3 0.3 0.3 0.3 0.3 0.3 0.3 0.3 0.3]",
towerse.member.nodes_r,m,"[1.99777449 1.99851632 1.99925816 2.         2.         2.
 2.         2.         2.         2.         1.99516392 1.99032784
 1.98549176 1.99032784 1.99516392 2.         2.         2.
 2.         1.99853908 1.99707815 1.99561723 1.99707815 1.99853908
 2.         1.97833333 1.95666667 1.935      1.935      1.935
 1.935     ]",
towerse.member.center_of_buoyancy,m,[0. 0. 0.],
towerse.member.displacement,m**3,[0.],
towerse.member.buoyancy_force,N,[0.],
towerse.member.idx_cb,,[0.],
towerse.member.Awater,m**2,[0.],
towerse.member.Iwater,m**4,[0.],
towerse.member.added_mass,kg,[0. 0. 0. 0. 0. 0.],
towerse.member.waterline_centroid,m,[0. 0.],
towerse.member.z_dim,m,"[ 0.          2.66666667  5.33333333  8.         10.6691358  13.3382716
 16.00740741 18.67407407 21.34074074 24.00740741 26.67654321 29.34567901
 32.01481481 34.68148148 37.34814815 40.01481481 42.68148148 45.34814815
 48.01481481 50.68395062 53.35308642 56.02222222 58.68888889 61.35555556
 64.02222222 66.68888889 69.35555556 72.02222222 74.68148148 77.34074074
 80.        ]",
towerse.member.d_eff,m,"[3.99554897 3.99703265 3.99851632 4.         4.         4.
 4.         4.         4.         4.         3.99032784 3.98065567
 3.97098351 3.98065567 3.99032784 4.         4.         4.
 4.         3.99707815 3.99415631 3.99123446 3.99415631 3.99707815
 4.         3.95666667 3.91333333 3.87       3.87       3.87
 3.87      ]",
towerse.tower_cost,USD,[346393.38823034],
towerse.member.section_D,m,"[3.99629081 3.99777449 3.99925816 4.         4.         4.
 4.         4.         4.         3.99516392 3.98549176 3.97581959
 3.97581959 3.98549176 3.99516392 4.         4.         4.
 3.99853908 3.99561723 3.99269539 3.99269539 3.99561723 3.99853908
 3.97833333 3.935      3.89166667 3.87       3.87       3.87      ]",
towerse.member.section_t,m,"[0.03337968 0.03337968 0.03337968 0.02405542 0.02405542 0.02405542
 0.02147505 0.02147505 0.02147505 0.01986179 0.01986179 0.01986179
 0.01743819 0.01743819 0.01743819 0.01374355 0.01374355 0.01374355
 0.01122546 0.01122546 0.01122546 0.00874049 0.00874049 0.00874049
 0.00628124 0.00628124 0.00628124 0.01233469 0.01233469 0.01233469]",
towerse.member.section_sigma_y,Pa,"[4.5e+08 4.5e+08 4.5e+08 4.5e+08 4.5e+08 4.5e+08 4.5e+08 4.5e+08 4.5e+08
 4.5e+08 4.5e+08 4.5e+08 4.5e+08 4.5e+08 4.5e+08 4.5e+08 4.5e+08 4.5e+08
 4.5e+08 4.5e+08 4.5e+08 4.5e+08 4.5e+08 4.5e+08 4.5e+08 4.5e+08 4.5e+08
 4.5e+08 4.5e+08 4.5e+08]",
towerse.turbine_mass,kg,[282011.15904059],
towerse.turbine_center_of_mass,m,[-7.08107147e-01 -2.90516762e-02  5.53147375e+01],
towerse.turbine_I_base,kg*m**2,"[ 1.10117099e+09  1.10091149e+09  7.71431086e+06 -7.53146175e+00
  1.85844124e+05  6.13792445e+03]",
towerse.env.wind.U,m/s,"[ 0.          5.41831416  6.22400857  6.74976159  7.14983937  7.47636245
  7.75415782  7.99683714  8.21319878  8.40890583  8.58808525  8.75345027
  8.90718833  9.05086244  9.18595367  9.31353602  9.43448793  9.5495377
  9.65929629  9.76437675  9.86511939  9.96190745 10.05498932 10.14474686
 10.23143584 10.31528265 10.39648873 10.47523415 10.55147128 10.62556669
 10.6976512 ]",
towerse.env.windLoads.windLoads_Px,N/m,"[  0.          32.6933544   46.33588829  56.82819499  65.48460189
  72.91489887  79.44852244  85.33512121  90.74818534  95.79691465
 100.24377397 104.42253152 108.37281417 112.85291592 117.22770225
 121.51426913 125.29207425 128.95537526 132.51245438 135.8363565
 139.06077889 142.19203389 145.52741187 148.79259683 151.99140026
 152.66039755 153.18985914 153.58647796 156.2618307  158.8858245
 161.46073776]",
towerse.env.windLoads.windLoads_Py,N/m,"[0. 0. 0. 0. 0. 0. 0. 0. 0. 0. 0. 0. 0. 0. 0. 0. 0. 0. 0. 0. 0. 0. 0. 0.
 0. 0. 0. 0. 0. 0. 0.]",
towerse.env.windLoads.windLoads_Pz,N/m,"[0. 0. 0. 0. 0. 0. 0. 0. 0. 0. 0. 0. 0. 0. 0. 0. 0. 0. 0. 0. 0. 0. 0. 0.
 0. 0. 0. 0. 0. 0. 0.]",
towerse.env.windLoads.windLoads_qdyn,N/m**2,"[ 0.         17.98185363 23.72719812 27.90505997 31.31112432 34.23629722
 36.82776513 39.16901012 41.31718848 43.30968952 45.17506502 46.93152111
 48.59452742 50.17484294 51.68381872 53.12944631 54.51835705 55.85612303
 57.14747794 58.39762017 59.60885566 60.784255   61.92547127 63.03598195
 64.11789606 65.17309686 66.20327398 67.20994999 68.191797   69.15288389
 70.09434151]",
towerse.env.windLoads.windLoads_z,m,"[ 0.          2.66666667  5.33333333  8.         10.6691358  13.3382716
 16.00740741 18.67407407 21.34074074 24.00740741 26.67654321 29.34567901
 32.01481481 34.68148148 37.34814815 40.01481481 42.68148148 45.34814815
 48.01481481 50.68395062 53.35308642 56.02222222 58.68888889 61.35555556
 64.02222222 66.68888889 69.35555556 72.02222222 74.68148148 77.34074074
 80.        ]",
towerse.env.windLoads.windLoads_beta,deg,[0.],
towerse.env.Px,N/m,"[  0.          32.6933544   46.33588829  56.82819499  65.48460189
  72.91489887  79.44852244  85.33512121  90.74818534  95.79691465
 100.24377397 104.42253152 108.37281417 112.85291592 117.22770225
 121.51426913 125.29207425 128.95537526 132.51245438 135.8363565
 139.06077889 142.19203389 145.52741187 148.79259683 151.99140026
 152.66039755 153.18985914 153.58647796 156.2618307  158.8858245
 161.46073776]",
towerse.env.Py,N/m,"[0. 0. 0. 0. 0. 0. 0. 0. 0. 0. 0. 0. 0. 0. 0. 0. 0. 0. 0. 0. 0. 0. 0. 0.
 0. 0. 0. 0. 0. 0. 0.]",
towerse.env.Pz,N/m,"[0. 0. 0. 0. 0. 0. 0. 0. 0. 0. 0. 0. 0. 0. 0. 0. 0. 0. 0. 0. 0. 0. 0. 0.
 0. 0. 0. 0. 0. 0. 0.]",
towerse.env.qdyn,N/m**2,"[ 0.         17.98185363 23.72719812 27.90505997 31.31112432 34.23629722
 36.82776513 39.16901012 41.31718848 43.30968952 45.17506502 46.93152111
 48.59452742 50.17484294 51.68381872 53.12944631 54.51835705 55.85612303
 57.14747794 58.39762017 59.60885566 60.784255   61.92547127 63.03598195
 64.11789606 65.17309686 66.20327398 67.20994999 68.191797   69.15288389
 70.09434151]",
towerse.g2e.Px,N/m,"[0. 0. 0. 0. 0. 0. 0. 0. 0. 0. 0. 0. 0. 0. 0. 0. 0. 0. 0. 0. 0. 0. 0. 0.
 0. 0. 0. 0. 0. 0. 0.]",
towerse.g2e.Py,N/m,"[0. 0. 0. 0. 0. 0. 0. 0. 0. 0. 0. 0. 0. 0. 0. 0. 0. 0. 0. 0. 0. 0. 0. 0.
 0. 0. 0. 0. 0. 0. 0.]",
towerse.g2e.Pz,N/m,"[   0.          -32.6933544   -46.33588829  -56.82819499  -65.48460189
  -72.91489887  -79.44852244  -85.33512121  -90.74818534  -95.79691465
 -100.24377397 -104.42253152 -108.37281417 -112.85291592 -117.22770225
 -121.51426913 -125.29207425 -128.95537526 -132.51245438 -135.8363565
 -139.06077889 -142.19203389 -145.52741187 -148.79259683 -151.99140026
 -152.66039755 -153.18985914 -153.58647796 -156.2618307  -158.8858245
 -161.46073776]",
towerse.g2e.qdyn,Pa,"[ 0.         17.98185363 23.72719812 27.90505997 31.31112432 34.23629722
 36.82776513 39.16901012 41.31718848 43.30968952 45.17506502 46.93152111
 48.59452742 50.17484294 51.68381872 53.12944631 54.51835705 55.85612303
 57.14747794 58.39762017 59.60885566 60.784255   61.92547127 63.03598195
 64.11789606 65.17309686 66.20327398 67.20994999 68.191797   69.15288389
 70.09434151]",
towerse.tower.section_L,m,"[2.66666667 2.66666667 2.66666667 2.6691358  2.6691358  2.6691358
 2.66666667 2.66666667 2.66666667 2.6691358  2.6691358  2.6691358
 2.66666667 2.66666667 2.66666667 2.66666667 2.66666667 2.66666667
 2.6691358  2.6691358  2.6691358  2.66666667 2.66666667 2.66666667
 2.66666667 2.66666667 2.66666667 2.65925926 2.65925926 2.65925926]",
towerse.tower.f1,Hz,[0.30999814],
towerse.tower.f2,Hz,[0.31012071],
towerse.tower.structural_frequencies,Hz,[0.30999814 0.31012071 1.52142275 2.24088718 2.26083869 5.02609644],
towerse.tower.fore_aft_modes,,"[[   0.83355068    1.18166258   -2.63064089    2.60826395   -0.99283633]
 [ -96.70758962  106.96262122 -110.9603788   185.85594823  -84.15060105]
 [-116.27149088   22.28475652  533.26405586 -598.3932156   160.1158941 ]]",
towerse.tower.side_side_modes,,"[[   0.8331355     1.18226453   -2.63184747    2.60975912   -0.99331169]
 [-101.43366362  112.71432023 -119.41236821  198.00689794  -88.87518635]
 [-113.15048091   22.4434055   511.8072351  -571.56615779  151.4659981 ]]",
towerse.tower.torsion_modes,,"[[  4.56794843 -12.29421565  13.57893309  -3.1925238   -1.66014208]
 [  0.           0.           0.           0.           0.        ]
 [  0.           0.           0.           0.           0.        ]]",
towerse.tower.fore_aft_freqs,Hz,[0.31012071 2.26083869 5.05854212],
towerse.tower.side_side_freqs,Hz,[0.30999814 2.24088718 5.02609644],
towerse.tower.torsion_freqs,Hz,[8.32917763 0.         0.        ],
towerse.tower.tower_deflection,m,"[[0.        ]
 [0.00081711]
 [0.00311347]
 [0.00683899]
 [0.01223147]
 [0.01946142]
 [0.02846137]
 [0.03926234]
 [0.05188769]
 [0.06626163]
 [0.08240105]
 [0.1002807 ]
 [0.11982956]
 [0.14107068]
 [0.16401543]
 [0.18855667]
 [0.2148175 ]
 [0.24284597]
 [0.27252263]
 [0.30395854]
 [0.33712345]
 [0.37187367]
 [0.40827808]
 [0.4463333 ]
 [0.48584703]
 [0.52697287]
 [0.5696494 ]
 [0.61364866]
 [0.65818098]
 [0.70311317]
 [0.74829842]]",
towerse.tower.top_deflection,m,[0.74829842],
towerse.tower.tower_Fz,N,"[[-2386899.93692101]
 [-2294338.10049424]
 [-2201709.82217339]
 [-2134672.08269243]
 [-2067613.08909587]
 [-2000535.64604755]
 [-1940634.70846278]
 [-1880718.8553165 ]
 [-1820789.19260425]
 [-1765325.4461508 ]
 [-1709984.5750663 ]
 [-1654767.23544593]
 [-1606259.54677296]
 [-1557622.39154016]
 [-1508856.02201132]
 [-1470264.84731985]
 [-1431663.85037457]
 [-1393053.32250363]
 [-1361408.40472519]
 [-1329777.76016359]
 [-1298161.64332181]
 [-1273462.24851988]
 [-1248736.3063204 ]
 [-1223983.99862708]
 [-1206157.79154512]
 [-1188520.07032723]
 [-1171071.19617766]
 [-1137521.26782604]
 [-1103964.36376764]
 [-1070400.6162062 ]]",
towerse.tower.tower_Vx,N,"[[436882.48390572]
 [436908.17057455]
 [436933.01940783]
 [436936.03395914]
 [436959.13690266]
 [436981.40238641]
 [436989.62528998]
 [437010.15093616]
 [437029.83225858]
 [437036.00207829]
 [437053.67155823]
 [437070.52414995]
 [437061.50935458]
 [437077.56166545]
 [437092.71598832]
 [437058.34092028]
 [437071.18381126]
 [437083.16699761]
 [437054.67634813]
 [437064.83827887]
 [437074.13833655]
 [437036.92458157]
 [437044.76057546]
 [437051.7191273 ]
 [437005.80436058]
 [437009.48090927]
 [437012.29893528]
 [437149.25287047]
 [437151.83536693]
 [437153.49122977]]",
towerse.tower.tower_Vy,N,"[[4115.96955231]
 [4116.18699652]
 [4116.39654738]
 [4116.4208023 ]
 [4116.61397678]
 [4116.79926154]
 [4116.86587072]
 [4117.0348399 ]
 [4117.19586419]
 [4117.24348149]
 [4117.38590415]
 [4117.52058874]
 [4117.44084871]
 [4117.56696299]
 [4117.68469926]
 [4117.39710142]
 [4117.49387483]
 [4117.58257741]
 [4117.3444929 ]
 [4117.41619848]
 [4117.4798023 ]
 [4117.17499692]
 [4117.22445494]
 [4117.26570663]
 [4116.89921745]
 [4116.91206272]
 [4116.91660822]
 [4117.90431333]
 [4117.90348929]
 [4117.89401227]]",
towerse.tower.tower_Mxx,N*m,"[[-302324.60418879]
 [-291302.4333645 ]
 [-280254.41827647]
 [-269168.29480337]
 [-258052.43199554]
 [-246910.20332423]
 [-235753.368846  ]
 [-224572.81771701]
 [-213371.69044075]
 [-202141.44500149]
 [-190893.86939169]
 [-179631.66977935]
 [-168366.34554005]
 [-157088.05115709]
 [-145799.64525341]
 [-134501.11285334]
 [-123191.26364298]
 [-111872.73078191]
 [-100535.40928255]
 [ -89189.44610022]
 [ -77837.41172308]
 [ -66489.98207587]
 [ -55136.4364547 ]
 [ -43779.52748094]
 [ -32419.19484669]
 [ -21055.73263615]
 [  -9692.15737132]
 [   1634.59289616]
 [  12950.18293454]
 [  24253.11182741]]",
towerse.tower.tower_Myy,N*m,"[[35713782.89729747]
 [34543319.53874552]
 [33369789.88264189]
 [32191856.54899435]
 [31010362.47748879]
 [29825693.66741836]
 [28639104.29955599]
 [27449621.59080335]
 [26257606.83042327]
 [25062160.31516978]
 [23864536.96272117]
 [22665048.80562985]
 [21464918.50209835]
 [20263082.13250446]
 [19059875.03493345]
 [17855270.15591216]
 [16649079.87112269]
 [15441611.87477705]
 [14231760.32536477]
 [13020549.71252429]
 [11808280.03317666]
 [10596040.30774829]
 [ 9382597.5077827 ]
 [ 8168274.36782146]
 [ 6952956.10187605]
 [ 5736500.5723964 ]
 [ 4519225.63292581]
 [ 3305330.1756323 ]
 [ 2092473.85498285]
 [  880845.88502586]]",
towerse.tower.tower_Mzz,N*m,"[[336903.46675316]
 [336902.53013951]
 [336901.59327052]
 [336909.14738945]
 [336908.21703309]
 [336907.2863869 ]
 [336909.67261677]
 [336908.74197945]
 [336907.81111554]
 [336909.20333556]
 [336908.34323127]
 [336907.48100111]
 [336910.41534966]
 [336909.40719572]
 [336908.40147293]
 [336915.15488549]
 [336914.21970264]
 [336913.28428696]
 [336919.91201713]
 [336919.00293526]
 [336918.09294924]
 [336928.0891134 ]
 [336927.11168731]
 [336926.13469191]
 [336943.73213663]
 [336943.49133772]
 [336943.25543193]
 [336911.2653035 ]
 [336910.32923285]
 [336909.39297279]]",
towerse.tower.turbine_F,N,"[[  436868.31910709]
 [    4115.84836712]
 [-2479366.01967744]]",
towerse.tower.turbine_M,N*m,"[[ -313317.4824472 ]
 [36880785.13117003]
 [  336878.59452991]]",
towerse.post.axial_stress,Pa,"[[ 8.72976377e+07]
 [ 8.44078095e+07]
 [ 8.15146343e+07]
 [ 1.08292803e+08]
 [ 1.04278064e+08]
 [ 1.00251962e+08]
 [ 1.07547310e+08]
 [ 1.02998015e+08]
 [ 9.84385829e+07]
 [ 1.01606223e+08]
 [ 9.71166266e+07]
 [ 9.25718429e+07]
 [ 9.94821008e+07]
 [ 9.32324199e+07]
 [ 8.70373848e+07]
 [ 1.02558184e+08]
 [ 9.52524842e+07]
 [ 8.79388529e+07]
 [ 9.85294880e+07]
 [ 8.96419319e+07]
 [ 8.07195552e+07]
 [ 9.17884399e+07]
 [ 7.99659280e+07]
 [ 6.81699624e+07]
 [ 7.92429673e+07]
 [ 6.43126830e+07]
 [ 4.86726499e+07]
 [ 1.64542225e+07]
 [ 7.66989567e+06]
 [-1.10335150e+06]]",
towerse.post.shear_stress,Pa,"[[ 2285819.13976507]
 [ 2284907.8107597 ]
 [ 2283993.75145777]
 [ 3161620.43824713]
 [ 3161753.86825945]
 [ 3161882.4002875 ]
 [ 3539688.49372544]
 [ 3539821.03169581]
 [ 3539948.04014584]
 [ 3831597.22154609]
 [ 3842849.61488576]
 [ 3854159.97413202]
 [ 4387198.82379317]
 [ 4374594.10332269]
 [ 4362053.37594661]
 [ 5521497.17015737]
 [ 5521625.52587705]
 [ 5521745.09276765]
 [ 6758931.03065733]
 [ 6764953.8225706 ]
 [ 6770976.03002592]
 [ 8690284.10630543]
 [ 8682826.11104699]
 [ 8675366.72358841]
 [12137043.89942279]
 [12296806.43605033]
 [12460695.77174905]
 [ 6399105.59705539]
 [ 6399132.50996524]
 [ 6399148.51486562]]",
towerse.post.hoop_stress,Pa,"[[  -571.3861179 ]
 [ -1325.83053975]
 [ -1641.87933224]
 [ -2619.16803876]
 [ -2899.20253361]
 [ -3143.20692941]
 [ -3767.55941906]
 [ -3990.12372094]
 [ -4195.39895289]
 [ -4738.9925587 ]
 [ -4920.96928753]
 [ -5091.21682115]
 [ -5999.11891187]
 [ -6201.8710822 ]
 [ -6397.31923744]
 [ -8353.97583408]
 [ -8565.57877204]
 [ -8769.61091871]
 [-10980.73377407]
 [-11206.43237244]
 [-11424.69549352]
 [-14963.86362161]
 [-15249.62526814]
 [-15528.54740322]
 [-21872.89373213]
 [-21983.24162768]
 [-22077.8625249 ]
 [-11330.13804686]
 [-11492.71873577]
 [-11651.91972339]]",
towerse.post.hoop_stress_euro,Pa,"[[0.]
 [0.]
 [0.]
 [0.]
 [0.]
 [0.]
 [0.]
 [0.]
 [0.]
 [0.]
 [0.]
 [0.]
 [0.]
 [0.]
 [0.]
 [0.]
 [0.]
 [0.]
 [0.]
 [0.]
 [0.]
 [0.]
 [0.]
 [0.]
 [0.]
 [0.]
 [0.]
 [0.]
 [0.]
 [0.]]",
towerse.post.constr_stress,,"[[0.34081186]
 [0.32955468]
 [0.31828443]
 [0.42288666]
 [0.40725052]
 [0.39157172]
 [0.42012282]
 [0.40241108]
 [0.38466262]
 [0.39711786]
 [0.37965292]
 [0.36197759]
 [0.38912205]
 [0.3648173 ]
 [0.34073472]
 [0.40172837]
 [0.37336908]
 [0.34500084]
 [0.38698911]
 [0.35259914]
 [0.31813357]
 [0.362785  ]
 [0.31736377]
 [0.27227443]
 [0.31977872]
 [0.26425687]
 [0.20768768]
 [0.07739055]
 [0.0525795 ]
 [0.04343766]]",
towerse.post.constr_shell_buckling,,"[[0.01809837]
 [0.0173981 ]
 [0.01669513]
 [0.02849569]
 [0.02760531]
 [0.0267142 ]
 [0.03234373]
 [0.03135114]
 [0.03035802]
 [0.03455214]
 [0.03349528]
 [0.0324127 ]
 [0.03908321]
 [0.03787852]
 [0.03667255]
 [0.05493612]
 [0.05350444]
 [0.05207222]
 [0.07581964]
 [0.07407381]
 [0.0723286 ]
 [0.1201422 ]
 [0.11785661]
 [0.11556765]
 [0.23762759]
 [0.23347987]
 [0.22939008]
 [0.05259493]
 [0.05105814]
 [0.04952093]]",
towerse.post.constr_global_buckling,,"[[0.79470386]
 [0.76657922]
 [0.73851102]
 [0.99998352]
 [0.96238494]
 [0.9248024 ]
 [0.99920931]
 [0.95729753]
 [0.91542491]
 [0.95044571]
 [0.90986046]
 [0.86890092]
 [0.94366589]
 [0.88727373]
 [0.83156129]
 [0.99998475]
 [0.93540536]
 [0.87095409]
 [1.00001657]
 [0.92236857]
 [0.84464316]
 [1.00001984]
 [0.89629315]
 [0.79315531]
 [0.99999132]
 [0.87557518]
 [0.74476588]
 [0.29246679]
 [0.21717773]
 [0.14221722]]",
